[
    {
      "Photo": "../assets/images/img1.jpg",
      "Name": "Priyanka",
      "Age": 27,
      "Height": 5,
      "Inch": 2,
      "Other": "Tamil,Nair",
      "Job": "MBBS, Doctor",
      "Location": "Chennai, Tamil Nadu,India"
    },
    {
      "Photo": "../assets/images/img2.jpg",
      "Name": "Pragati",
      "Age": 28,
      "Height": 163,
      "Inch": 2,
      "Other": "Poosam,Hindu-Kayastha",
      "Job": "MBBS, Doctor",
      "Location": "Chennai, Tamil Nadu,India"
    }

  ]
  